December,"Total
Hours",Billed Hours,"Pro Bono
Hours","Total
Services
Billed","Total
Expenses
Billed",data/pdfs/pages-3-4/2017/December+2017+Omibus+Invoice.compressed.pdf
Thompson,33.9,24.7,9.2,"$11,732.50",$0.00,data/pdfs/pages-3-4/2017/December+2017+Omibus+Invoice.compressed.pdf
Rosenthal,56,39.5,16.5,"$18,762.50",$0.00,data/pdfs/pages-3-4/2017/December+2017+Omibus+Invoice.compressed.pdf
Aden,29,24.5,4.5,"$5,757.50",$57.78,data/pdfs/pages-3-4/2017/December+2017+Omibus+Invoice.compressed.pdf
Barge,13.8,10.8,3,"$2,538.00",$157.73,data/pdfs/pages-3-4/2017/December+2017+Omibus+Invoice.compressed.pdf
Bethel,0,0,0,$0.00,$0.00,data/pdfs/pages-3-4/2017/December+2017+Omibus+Invoice.compressed.pdf
Drake,26.2,7.5,18.7,"$1,762.50",$0.00,data/pdfs/pages-3-4/2017/December+2017+Omibus+Invoice.compressed.pdf
Gainer,20,6,14,"$1,410.00","$1,115.59",data/pdfs/pages-3-4/2017/December+2017+Omibus+Invoice.compressed.pdf
Goodrich,11,11,0,"$2,585.00",$758.93,data/pdfs/pages-3-4/2017/December+2017+Omibus+Invoice.compressed.pdf
December,Total Hours,Billed Hours,"Pro Bono
Hours","Total
Services
Billed","Total
Expenses
Billed",data/pdfs/pages-3-4/2017/December+2017+Omibus+Invoice.compressed.pdf
Harmon,9.9,5.1,4.8,"$1,198.50",$389.61,data/pdfs/pages-3-4/2017/December+2017+Omibus+Invoice.compressed.pdf
Joyce,8.8,6.2,2.6,"$1,457.00",$0.00,data/pdfs/pages-3-4/2017/December+2017+Omibus+Invoice.compressed.pdf
Meares,26.3,14.3,12,"$3,360.50",$783.93,data/pdfs/pages-3-4/2017/December+2017+Omibus+Invoice.compressed.pdf
Ramsey,29.8,15.1,14.7,"$3,548.50",$607.68,data/pdfs/pages-3-4/2017/December+2017+Omibus+Invoice.compressed.pdf
Smoot,35.5,19,16.5,"$4,465.00","$1,118.43",data/pdfs/pages-3-4/2017/December+2017+Omibus+Invoice.compressed.pdf
Turner,1,1,0,$235.00,$0.00,data/pdfs/pages-3-4/2017/December+2017+Omibus+Invoice.compressed.pdf
Villasenor,30.7,14.2,16.5,"$3,337.00","$1,216.62",data/pdfs/pages-3-4/2017/December+2017+Omibus+Invoice.compressed.pdf
Bowman,37.3,27,10.3,$3948.00,$0.00,data/pdfs/pages-3-4/2017/December+2017+Omibus+Invoice.compressed.pdf
Dupont,6.1,4.6,1.5,"$1,081.00",$0.00,data/pdfs/pages-3-4/2017/December+2017+Omibus+Invoice.compressed.pdf
Parker,35.3,20.3,15,"$5,075.00",$1682.61,data/pdfs/pages-3-4/2017/December+2017+Omibus+Invoice.compressed.pdf
BCMC (Guy),31.4,31.2,0.2,"$7,332.00",$560.00,data/pdfs/pages-3-4/2017/December+2017+Omibus+Invoice.compressed.pdf
"BCMC
(Staff)",63.35,0,63.35,$0.00,$0.00,data/pdfs/pages-3-4/2017/December+2017+Omibus+Invoice.compressed.pdf
TOTAL,505.35,282,223.35,"$79,585.50","$8,448.91",data/pdfs/pages-3-4/2017/December+2017+Omibus+Invoice.compressed.pdf
,"Reviewed BPDprimaryandPhaseIIpolicysubmissions,editandreturn
1104,1007and1112toDOJ. Review/respondedto27messages
includingTrainingOutcomeMeasures&FirstYearPlanDeadlines
Meeting,SECONDREQUESTPatrolRiflePolicy,CITPlan/SelectionProcess
CollaborationCall,InitialSubmission:CrisisPlanandSelectionProcess,SA
LessonPlan,1105Custodialinterrogationsw/MonitorandDOJcmmts,
MisconductInvestigationsandDiscipline,1105-CustodialInterrogations
andOPR-CRBWorkingSession.",data/pdfs/pages-3-4/2018/October+2018+Invoice+pgs++92-175+(1).pdf
,"Review/respondedto28messagesrefSSAPolicies,IASWeeklyReport
10/12/2018,TrainingOutcomeMeasures&FirstYearPlanDeadlines
Meeting,TrainingOutcomeMeasures&FirstYearPlanDeadlines
Meetingandmonitoringfiscalyear.",data/pdfs/pages-3-4/2018/October+2018+Invoice+pgs++92-175+(1).pdf
,"PrepareforandparticipateinSSA/Technologygroupcall.
Review/respondedto28messages,includingSSA1-PublicFeedback
Discussion,SSASuite1Call,InvestigatoryStopsSystemPlan,and
November16th MonthlyMeetingAtTheAcademy.",data/pdfs/pages-3-4/2018/October+2018+Invoice+pgs++92-175+(1).pdf
,,data/pdfs/pages-3-4/2018/October+2018+Invoice+pgs++92-175+(1).pdf
,"PrepareforandparticipateinTrainingplanscallwithMT/DOJ/BPD.
Review/respondedto27messages,includingRecruitmentHiring&
Retention/OfficerAssistanceandSupport,TrainingPlan,1105Custodial
Interrogations,Misconductscenarios,andPolicyDRAFT1020TaskForces.",data/pdfs/pages-3-4/2018/October+2018+Invoice+pgs++92-175+(1).pdf
,,data/pdfs/pages-3-4/2018/October+2018+Invoice+pgs++92-175+(1).pdf
,,data/pdfs/pages-3-4/2018/October+2018+Invoice+pgs++92-175+(1).pdf
,,data/pdfs/pages-3-4/2018/October+2018+Invoice+pgs++92-175+(1).pdf
,,data/pdfs/pages-3-4/2018/October+2018+Invoice+pgs++92-175+(1).pdf
,,data/pdfs/pages-3-4/2018/October+2018+Invoice+pgs++92-175+(1).pdf
,,data/pdfs/pages-3-4/2018/October+2018+Invoice+pgs++92-175+(1).pdf
,,data/pdfs/pages-3-4/2018/October+2018+Invoice+pgs++92-175+(1).pdf
,,data/pdfs/pages-3-4/2018/October+2018+Invoice+pgs++92-175+(1).pdf
,,data/pdfs/pages-3-4/2018/October+2018+Invoice+pgs++92-175+(1).pdf
,,data/pdfs/pages-3-4/2018/October+2018+Invoice+pgs++92-175+(1).pdf
,,data/pdfs/pages-3-4/2018/October+2018+Invoice+pgs++92-175+(1).pdf
,"SSAandTechnologybi-weeklycallwithBPD/DOJ/MT.
Review/initiate/respondedto38messages,includingFirstThursdayCall,
Policy306&OPRClassificationProtocol,policyDRAFT1020TaskForces
w/MTcomment,BPDSubmission:ProposedFinalDraftCrisisDataForm,
andPolicy1109.",data/pdfs/pages-3-4/2018/October+2018+Invoice+pgs++92-175+(1).pdf
,"PreviouslyBilled
(FY2019)","September2018
Billed","Fiscal YTD
2019Billed",,,data/pdfs/pages-3-4/2018/21525689-v1-September+Omnibus+Invoice+2018.pdf
Services,"$309,067.25","$107,738.00","$416,805.25",,,data/pdfs/pages-3-4/2018/21525689-v1-September+Omnibus+Invoice+2018.pdf
Expenses,"$11,759.25","$5,121.40","$16,880.65",,,data/pdfs/pages-3-4/2018/21525689-v1-September+Omnibus+Invoice+2018.pdf
"TOTAL Services and
Expenses","$320,826.50","$112,859.40","$433,685.90",,,data/pdfs/pages-3-4/2018/21525689-v1-September+Omnibus+Invoice+2018.pdf
September,"Total
Hours","Billed
Hours","ProBono
Hours","Total Services
Billed","Total
Expenses
Billed",data/pdfs/pages-3-4/2018/21525689-v1-September+Omnibus+Invoice+2018.pdf
Thompson,73.6,55.5,18.1,"$26,362.50",$0.00,data/pdfs/pages-3-4/2018/21525689-v1-September+Omnibus+Invoice+2018.pdf
Rosenthal,59.3,45.6,13.7,"$21,660.00",$0.00,data/pdfs/pages-3-4/2018/21525689-v1-September+Omnibus+Invoice+2018.pdf
Aden,59,47,12,"$11,045.00","$1,772.37",data/pdfs/pages-3-4/2018/21525689-v1-September+Omnibus+Invoice+2018.pdf
Barge,31.9,31,0.9,"$7,285.00",$178.43,data/pdfs/pages-3-4/2018/21525689-v1-September+Omnibus+Invoice+2018.pdf
Bethel,5,5,0,"$1,175.00",$108.00,data/pdfs/pages-3-4/2018/21525689-v1-September+Omnibus+Invoice+2018.pdf
Drake,27,6,21,"$1,410.00",$0.00,data/pdfs/pages-3-4/2018/21525689-v1-September+Omnibus+Invoice+2018.pdf
Drake (Exec.Ass’t),63.6,63.6,0,"$2,385.00",$0.00,data/pdfs/pages-3-4/2018/21525689-v1-September+Omnibus+Invoice+2018.pdf
Joyce,26.3,17.3,9,"$4,065.50",$603.57,data/pdfs/pages-3-4/2018/21525689-v1-September+Omnibus+Invoice+2018.pdf
Meares,35.5,5.5,30,"$1,292.50",$0.00,data/pdfs/pages-3-4/2018/21525689-v1-September+Omnibus+Invoice+2018.pdf
O’Toole,6.4,4.5,1.9,"$1,057.50",$0.00,data/pdfs/pages-3-4/2018/21525689-v1-September+Omnibus+Invoice+2018.pdf
Ramsey,36,25,11,"$5,875.00",$328.65,data/pdfs/pages-3-4/2018/21525689-v1-September+Omnibus+Invoice+2018.pdf
Villasenor,45.3,18.3,27,"$4,300.50","$1,090.03",data/pdfs/pages-3-4/2018/21525689-v1-September+Omnibus+Invoice+2018.pdf
Bowman,57.3,43.7,13.6,"$10,269.50","$1,040.35",data/pdfs/pages-3-4/2018/21525689-v1-September+Omnibus+Invoice+2018.pdf
Dupont,14.3,13,1.3,"$3,055.00",$0.00,data/pdfs/pages-3-4/2018/21525689-v1-September+Omnibus+Invoice+2018.pdf
Parker,26,26,0,"$6,500.00",$0.00,data/pdfs/pages-3-4/2018/21525689-v1-September+Omnibus+Invoice+2018.pdf
TOTAL,566.5,407,159.5,"$107,738.00","$5,121.40",data/pdfs/pages-3-4/2018/21525689-v1-September+Omnibus+Invoice+2018.pdf
,"Previously
Billed","May2018
Billed","Fiscal YTD
Billed",,,data/pdfs/pages-3-4/2018/20757758-v1-May+2018+Omnibus+Invoice.pdf
Services,"$797,185.50","$132,136.00","$929,321.50",,,data/pdfs/pages-3-4/2018/20757758-v1-May+2018+Omnibus+Invoice.pdf
Expenses,"$40,199.16","$5,007.99","$45,207.15",,,data/pdfs/pages-3-4/2018/20757758-v1-May+2018+Omnibus+Invoice.pdf
"TOTAL
Services
and
Expenses","$837,384.66","$137,143.99","$974,528.65",,,data/pdfs/pages-3-4/2018/20757758-v1-May+2018+Omnibus+Invoice.pdf
May,Total Hours,Billed Hours,"ProBono
Hours","Total
Services
Billed","Total
Expenses
Billed",data/pdfs/pages-3-4/2018/20757758-v1-May+2018+Omnibus+Invoice.pdf
Thompson,74.8,51.4,23.4,"$24,415.00",$0.00,data/pdfs/pages-3-4/2018/20757758-v1-May+2018+Omnibus+Invoice.pdf
Rosenthal,100.6,81.1,19.5,"$38,522.50",$0.00,data/pdfs/pages-3-4/2018/20757758-v1-May+2018+Omnibus+Invoice.pdf
Aden,62.2,48.7,13.5,"$11,444.50",$142.18,data/pdfs/pages-3-4/2018/20757758-v1-May+2018+Omnibus+Invoice.pdf
Barge,43.2,28,15.2,"$6,580.00",$775.11,data/pdfs/pages-3-4/2018/20757758-v1-May+2018+Omnibus+Invoice.pdf
Drake,34.2,6.7,27.5,"$1,574.00",$0.00,data/pdfs/pages-3-4/2018/20757758-v1-May+2018+Omnibus+Invoice.pdf
"Goodrich
(Apr.only)",9,8.5,0.5,"$1,997.50",$0.00,data/pdfs/pages-3-4/2018/20757758-v1-May+2018+Omnibus+Invoice.pdf
Joyce(+Apr.),26.5,16,10.5,"$3,760.00",$322.35,data/pdfs/pages-3-4/2018/20757758-v1-May+2018+Omnibus+Invoice.pdf
Meares,6.8,6.8,0,"$1,598.00",$0.00,data/pdfs/pages-3-4/2018/20757758-v1-May+2018+Omnibus+Invoice.pdf
Ramsey,36,22,14,"$5,170.00",$0.00,data/pdfs/pages-3-4/2018/20757758-v1-May+2018+Omnibus+Invoice.pdf
"Taylor(+Mar.
&Apr.)",30.8,11.1,19.7,"$2,608.50",$706.00,data/pdfs/pages-3-4/2018/20757758-v1-May+2018+Omnibus+Invoice.pdf
Villasenor,33.5,21.5,12,"$5,052.50",$0.00,data/pdfs/pages-3-4/2018/20757758-v1-May+2018+Omnibus+Invoice.pdf
Bowman,65.9,47.4,18.5,"$11,139.00",$0.00,data/pdfs/pages-3-4/2018/20757758-v1-May+2018+Omnibus+Invoice.pdf
Dupont,32.9,20.2,12.7,"$4,747.00",$594.35,data/pdfs/pages-3-4/2018/20757758-v1-May+2018+Omnibus+Invoice.pdf
Parker,9.5,9.5,0,"$2,375.00",$0.00,data/pdfs/pages-3-4/2018/20757758-v1-May+2018+Omnibus+Invoice.pdf
BCMC (Guy),30.3,16.5,13.8,"$3,877.50","$2,468.00",data/pdfs/pages-3-4/2018/20757758-v1-May+2018+Omnibus+Invoice.pdf
"BCMC
(Wharton)",100.1,81,19.1,"$6,075.00",$0.00,data/pdfs/pages-3-4/2018/20757758-v1-May+2018+Omnibus+Invoice.pdf
"BCMC
Neighborhood
Liasons(10
individuals)
(Apr.only)",60,60,0,"$1,200.00",$0.00,data/pdfs/pages-3-4/2018/20757758-v1-May+2018+Omnibus+Invoice.pdf
TOTAL,756.3,536.4,219.9,"$132,136.00","$5,007.99",data/pdfs/pages-3-4/2018/20757758-v1-May+2018+Omnibus+Invoice.pdf
,"PreviouslyBilled
(FY2019)","August2018
Billed","Fiscal YTD
2019Billed",,,data/pdfs/pages-3-4/2018/21351427-v1-August+2018+Invoice+Package.pdf
Services,"$147,479.50","$161,587.75","$309,067.25",,,data/pdfs/pages-3-4/2018/21351427-v1-August+2018+Invoice+Package.pdf
Expenses,"$7,501.23","$4,258.02","$11,759.25",,,data/pdfs/pages-3-4/2018/21351427-v1-August+2018+Invoice+Package.pdf
"TOTAL Services and
Expenses","$154,980.73","$165,845.77","$320,826.50",,,data/pdfs/pages-3-4/2018/21351427-v1-August+2018+Invoice+Package.pdf
August,"Total
Hours","Billed
Hours","ProBono
Hours","Total Services
Billed","Total
Expenses
Billed",data/pdfs/pages-3-4/2018/21351427-v1-August+2018+Invoice+Package.pdf
Thompson,94.4,65.3,29.1,"$31,017.50",$0.00,data/pdfs/pages-3-4/2018/21351427-v1-August+2018+Invoice+Package.pdf
Rosenthal,76.7,54.2,22.5,"$25,745.00",$0.00,data/pdfs/pages-3-4/2018/21351427-v1-August+2018+Invoice+Package.pdf
Aden,65,50,15,"$11,750.00",$69.40,data/pdfs/pages-3-4/2018/21351427-v1-August+2018+Invoice+Package.pdf
Barge,34.9,32.9,2,"$7,731.50",$178.43,data/pdfs/pages-3-4/2018/21351427-v1-August+2018+Invoice+Package.pdf
Bethel (+July),10,10,0,"$2,350.00",$102.00,data/pdfs/pages-3-4/2018/21351427-v1-August+2018+Invoice+Package.pdf
Drake,22.6,5.7,16.9,"$1,339.50",$0.00,data/pdfs/pages-3-4/2018/21351427-v1-August+2018+Invoice+Package.pdf
Drake (Exec.Ass’t),58.7,58.7,0,"$2,201.25",$0.00,data/pdfs/pages-3-4/2018/21351427-v1-August+2018+Invoice+Package.pdf
Joyce,24.4,18.4,6,"$4,324.00",$231.98,data/pdfs/pages-3-4/2018/21351427-v1-August+2018+Invoice+Package.pdf
Meares,18.9,10.9,8,"$2,561.50",$0.00,data/pdfs/pages-3-4/2018/21351427-v1-August+2018+Invoice+Package.pdf
O’Toole,12.6,10.1,2.5,"$2,373.50",$0.00,data/pdfs/pages-3-4/2018/21351427-v1-August+2018+Invoice+Package.pdf
Ramsey,58.3,37.4,20.9,"$8,789.00",$166.80,data/pdfs/pages-3-4/2018/21351427-v1-August+2018+Invoice+Package.pdf
Smoot,50.2,31.7,18.5,"$7,449.50",$817.41,data/pdfs/pages-3-4/2018/21351427-v1-August+2018+Invoice+Package.pdf
Villasenor,25.3,17.3,8,"$4,065.50",$0.00,data/pdfs/pages-3-4/2018/21351427-v1-August+2018+Invoice+Package.pdf
Bowman,72.2,49.4,22.8,"$11,609.00",$0.00,data/pdfs/pages-3-4/2018/21351427-v1-August+2018+Invoice+Package.pdf
Dupont,19,16.8,2.2,"$3,948.00",$0.00,data/pdfs/pages-3-4/2018/21351427-v1-August+2018+Invoice+Package.pdf
Guy(+July),76.6,68.8,7.8,"$16,168.00","$2,217.00",data/pdfs/pages-3-4/2018/21351427-v1-August+2018+Invoice+Package.pdf
Wharton(+July),182,182,0,"$13,650.00",$0.00,data/pdfs/pages-3-4/2018/21351427-v1-August+2018+Invoice+Package.pdf
"10BCMC
Neighborhood Liaisons
(+June,July)",227.85,225.75,2.1,"$4,515.00",$475.00,data/pdfs/pages-3-4/2018/21351427-v1-August+2018+Invoice+Package.pdf
TOTAL,"1,129.65",945.35,184.3,"$161,587.75","$4,258.02",data/pdfs/pages-3-4/2018/21351427-v1-August+2018+Invoice+Package.pdf
,"PreviouslyBilled
(FY2019)","November2018
Billed","Fiscal YTD
2019Billed",,,data/pdfs/pages-3-4/2018/November+2018+Omnibus+Invoice-compressed.pdf
Services,"$607,882.50","$139,006.25","$746,888.75",,,data/pdfs/pages-3-4/2018/November+2018+Omnibus+Invoice-compressed.pdf
Expenses,"$25,721.72","$4,496.91","$30,218.63",,,data/pdfs/pages-3-4/2018/November+2018+Omnibus+Invoice-compressed.pdf
"TOTAL Services and
Expenses","$633,604.22","$143,503.16","$777,107.38",,,data/pdfs/pages-3-4/2018/November+2018+Omnibus+Invoice-compressed.pdf
November,"Total
Hours","Billed
Hours","ProBono
Hours","Total Services
Billed","Total Expenses
Billed",data/pdfs/pages-3-4/2018/November+2018+Omnibus+Invoice-compressed.pdf
Thompson,109.2,86.2,23,"$40,945.00",$0.00,data/pdfs/pages-3-4/2018/November+2018+Omnibus+Invoice-compressed.pdf
Rosenthal,87.2,44.5,42.7,"$21,137.50",$0.00,data/pdfs/pages-3-4/2018/November+2018+Omnibus+Invoice-compressed.pdf
Aden,55,45,10,"$10,575.00",$0.00,data/pdfs/pages-3-4/2018/November+2018+Omnibus+Invoice-compressed.pdf
Barge,60.1,54.1,6,"$12,713.50",$528.75,data/pdfs/pages-3-4/2018/November+2018+Omnibus+Invoice-compressed.pdf
Drake,19.7,6.7,13,"$1,574.50",$0.00,data/pdfs/pages-3-4/2018/November+2018+Omnibus+Invoice-compressed.pdf
Drake (Exec.Ass’t),57.5,57.5,0,"$2,156.25",$0.00,data/pdfs/pages-3-4/2018/November+2018+Omnibus+Invoice-compressed.pdf
Joyce,10,9,1,"$2,115.00",$0.00,data/pdfs/pages-3-4/2018/November+2018+Omnibus+Invoice-compressed.pdf
Meares,5,5,0,"$1,175.00",$0.00,data/pdfs/pages-3-4/2018/November+2018+Omnibus+Invoice-compressed.pdf
O’Toole,15.2,13.2,2,"$3,102.00",$0.00,data/pdfs/pages-3-4/2018/November+2018+Omnibus+Invoice-compressed.pdf
Ramsey,37,30,7,"$7,050.00",$144.30,data/pdfs/pages-3-4/2018/November+2018+Omnibus+Invoice-compressed.pdf
Smoot,65.4,40.4,25,"$9,494.00","$1,961.27",data/pdfs/pages-3-4/2018/November+2018+Omnibus+Invoice-compressed.pdf
Villasenor,21.6,21.6,0,"$5,076.00",$0.00,data/pdfs/pages-3-4/2018/November+2018+Omnibus+Invoice-compressed.pdf
ShantayGuy,16.4,16.4,0,"$3,854.00",$0.00,data/pdfs/pages-3-4/2018/November+2018+Omnibus+Invoice-compressed.pdf
DarnyleWharton,109.1,109.1,0,"$8,182.50",$0.00,data/pdfs/pages-3-4/2018/November+2018+Omnibus+Invoice-compressed.pdf
"6Neighborhood
Liaisons",66.9,66.9,0,"$1,338.00",$150.00,data/pdfs/pages-3-4/2018/November+2018+Omnibus+Invoice-compressed.pdf
Dupont,42.8,18.8,24,"$4,418.00",$978.69,data/pdfs/pages-3-4/2018/November+2018+Omnibus+Invoice-compressed.pdf
Bowman,35.9,10,25.9,"$2,350.00",$0.00,data/pdfs/pages-3-4/2018/November+2018+Omnibus+Invoice-compressed.pdf
Parker,7,7,0,"$1,750.00",$733.90,data/pdfs/pages-3-4/2018/November+2018+Omnibus+Invoice-compressed.pdf
TOTAL,821,641.4,179.6,"$139,006.25","$4,496.91",data/pdfs/pages-3-4/2018/November+2018+Omnibus+Invoice-compressed.pdf
,"PreviouslyBilled
(FY2018)",July2018Billed,"Fiscal YTD
2019Billed",,,data/pdfs/pages-3-4/2018/BPD+Monitor_+July+2018+Omnibus+Invoice(Part2).pdf
Services,"$1,069,053.00","$147,479.50","$147,479.50",,,data/pdfs/pages-3-4/2018/BPD+Monitor_+July+2018+Omnibus+Invoice(Part2).pdf
Expenses,"$50,773.53","$9,359.83","$9,359.83",,,data/pdfs/pages-3-4/2018/BPD+Monitor_+July+2018+Omnibus+Invoice(Part2).pdf
"TOTAL Services and
Expenses","$1,119,826.53","$156,839.33","$156,839.33",,,data/pdfs/pages-3-4/2018/BPD+Monitor_+July+2018+Omnibus+Invoice(Part2).pdf
July,"Total
Hours","Billed
Hours","ProBono
Hours","Total Services
Billed","Total
Expenses
Billed",data/pdfs/pages-3-4/2018/BPD+Monitor_+July+2018+Omnibus+Invoice(Part2).pdf
Thompson,90.9,74.7,16.2,"$35,482.50",$0.00,data/pdfs/pages-3-4/2018/BPD+Monitor_+July+2018+Omnibus+Invoice(Part2).pdf
Rosenthal,139,92.6,46.4,"$43,985.00",$0.00,data/pdfs/pages-3-4/2018/BPD+Monitor_+July+2018+Omnibus+Invoice(Part2).pdf
Aden,31.7,26.7,5,"$6,724.50",$0.00,data/pdfs/pages-3-4/2018/BPD+Monitor_+July+2018+Omnibus+Invoice(Part2).pdf
Barge,52,39.5,12.5,"$9,282.50","$1,012.11",data/pdfs/pages-3-4/2018/BPD+Monitor_+July+2018+Omnibus+Invoice(Part2).pdf
Drake,46.5,5.7,40.8,"$1,339.50",$0.00,data/pdfs/pages-3-4/2018/BPD+Monitor_+July+2018+Omnibus+Invoice(Part2).pdf
Joyce(+June),16.8,15.3,1.5,"$3,595.50",$0.00,data/pdfs/pages-3-4/2018/BPD+Monitor_+July+2018+Omnibus+Invoice(Part2).pdf
Meares,20,14,6,"$3,290.00",$709.62,data/pdfs/pages-3-4/2018/BPD+Monitor_+July+2018+Omnibus+Invoice(Part2).pdf
Ramsey,73,30,43,"$7,050.00",$378.90,data/pdfs/pages-3-4/2018/BPD+Monitor_+July+2018+Omnibus+Invoice(Part2).pdf
Smoot,39.1,20.9,18.2,"$4,911.50",$810.62,data/pdfs/pages-3-4/2018/BPD+Monitor_+July+2018+Omnibus+Invoice(Part2).pdf
Taylor(+June),2.1,2.1,0,$493.50,$0.00,data/pdfs/pages-3-4/2018/BPD+Monitor_+July+2018+Omnibus+Invoice(Part2).pdf
Villasenor,68.1,36.1,32,"$8,483.50","$2,669.22",data/pdfs/pages-3-4/2018/BPD+Monitor_+July+2018+Omnibus+Invoice(Part2).pdf
Bowman,126.8,71.3,55.5,"$16,755.50",$851.01,data/pdfs/pages-3-4/2018/BPD+Monitor_+July+2018+Omnibus+Invoice(Part2).pdf
Dupont,38.9,19.6,19.3,"$4,606.00",$919.75,data/pdfs/pages-3-4/2018/BPD+Monitor_+July+2018+Omnibus+Invoice(Part2).pdf
"6BCMC
NeighborhoodLiaisons
(June)",74,74,0,"$1,480.00",$150.00,data/pdfs/pages-3-4/2018/BPD+Monitor_+July+2018+Omnibus+Invoice(Part2).pdf
TOTAL,818.9,522.5,296.4,"$147,479.50",$9359.83,data/pdfs/pages-3-4/2018/BPD+Monitor_+July+2018+Omnibus+Invoice(Part2).pdf
,"PreviouslyBilled
(FY2019)","October2018
Billed","Fiscal YTD
2019Billed",,,data/pdfs/pages-3-4/2018/October+2018+Invoice+pgs++1-91+(1)-compressed.pdf
Services,"$416,805.25","$191,077.25","$607,882.50",,,data/pdfs/pages-3-4/2018/October+2018+Invoice+pgs++1-91+(1)-compressed.pdf
Expenses,"$16,880.65","$8,841.07","$25,721.72",,,data/pdfs/pages-3-4/2018/October+2018+Invoice+pgs++1-91+(1)-compressed.pdf
"TOTAL Services and
Expenses","$433,685.90","$199,918.32","$633,604.22",,,data/pdfs/pages-3-4/2018/October+2018+Invoice+pgs++1-91+(1)-compressed.pdf
October,"Total
Hours","Billed
Hours","ProBono
Hours","Total Services
Billed","Total
Expenses
Billed",data/pdfs/pages-3-4/2018/October+2018+Invoice+pgs++1-91+(1)-compressed.pdf
Thompson,110.7,87,23.7,"$41,325.00",$0.00,data/pdfs/pages-3-4/2018/October+2018+Invoice+pgs++1-91+(1)-compressed.pdf
Rosenthal,69.3,48.9,20.4,$23.227.50,$0.00,data/pdfs/pages-3-4/2018/October+2018+Invoice+pgs++1-91+(1)-compressed.pdf
Aden,79.5,57.5,22,"$13,512.50",$372.84,data/pdfs/pages-3-4/2018/October+2018+Invoice+pgs++1-91+(1)-compressed.pdf
Barge,50.8,42.9,7.9,"$10,081.50",$762.93,data/pdfs/pages-3-4/2018/October+2018+Invoice+pgs++1-91+(1)-compressed.pdf
Drake,16.6,7.7,8.9,"$1,809.50",$0.00,data/pdfs/pages-3-4/2018/October+2018+Invoice+pgs++1-91+(1)-compressed.pdf
Drake (Exec.Ass’t),60,60,0,"$2,250.00",$420.08,data/pdfs/pages-3-4/2018/October+2018+Invoice+pgs++1-91+(1)-compressed.pdf
Joyce,26.25,17.25,9,"$4,053.75",$409.07,data/pdfs/pages-3-4/2018/October+2018+Invoice+pgs++1-91+(1)-compressed.pdf
Meares,53,13.4,39.6,"$3,149.00",$0.00,data/pdfs/pages-3-4/2018/October+2018+Invoice+pgs++1-91+(1)-compressed.pdf
O’Toole,20.4,18.3,2.1,"$4,300.50",$0.00,data/pdfs/pages-3-4/2018/October+2018+Invoice+pgs++1-91+(1)-compressed.pdf
Ramsey,32.7,23.9,8.8,"$5,616.50",$382.04,data/pdfs/pages-3-4/2018/October+2018+Invoice+pgs++1-91+(1)-compressed.pdf
Smoot,73.8,50.3,23.5,"$11,820.50","$1,813.15",data/pdfs/pages-3-4/2018/October+2018+Invoice+pgs++1-91+(1)-compressed.pdf
Villasenor,27.4,19.4,8,"$4,559.00","$1,168.63",data/pdfs/pages-3-4/2018/October+2018+Invoice+pgs++1-91+(1)-compressed.pdf
ShantayGuy(+Sep),54.5,54,0.5,"$12,690.00",$705.00,data/pdfs/pages-3-4/2018/October+2018+Invoice+pgs++1-91+(1)-compressed.pdf
Darnyl Wharton(+Sep),244.5,244.5,0,"$18,337.50",$0.00,data/pdfs/pages-3-4/2018/October+2018+Invoice+pgs++1-91+(1)-compressed.pdf
"6Neighborhood
Liaisons (+Sep)",119.35,119.35,0,"$2,387.00",$250.00,data/pdfs/pages-3-4/2018/October+2018+Invoice+pgs++1-91+(1)-compressed.pdf
Dupont,64.4,28.3,36.1,"$6,650.50","$2,270.58",data/pdfs/pages-3-4/2018/October+2018+Invoice+pgs++1-91+(1)-compressed.pdf
Bowman,81,51.2,29.8,"$12,032.00",$286.75,data/pdfs/pages-3-4/2018/October+2018+Invoice+pgs++1-91+(1)-compressed.pdf
Parker,67.1,53.1,14,"$13,275.00",$0.00,data/pdfs/pages-3-4/2018/October+2018+Invoice+pgs++1-91+(1)-compressed.pdf
TOTAL,"1,251.3",997,254.3,"$191,077.25","$8,841.07",data/pdfs/pages-3-4/2018/October+2018+Invoice+pgs++1-91+(1)-compressed.pdf
April,"Total
Hours",Billed Hours,"ProBono
Hours","Total
Services
Billed","Total
Expenses
Billed",data/pdfs/pages-3-4/2018/April+2018+Omnibus+Invoice+.pdf
Thompson,90.5,78.2,12.3,"$37,145.00",$0.00,data/pdfs/pages-3-4/2018/April+2018+Omnibus+Invoice+.pdf
Rosenthal,111.2,85.4,25.8,"$40,565.00",$0.00,data/pdfs/pages-3-4/2018/April+2018+Omnibus+Invoice+.pdf
Aden,77.2,60,17.2,"$14,100.00",$385.99,data/pdfs/pages-3-4/2018/April+2018+Omnibus+Invoice+.pdf
Barge,14.3,11.3,3,"$2,655.50",$178.43,data/pdfs/pages-3-4/2018/April+2018+Omnibus+Invoice+.pdf
Bethel,11.5,7.5,4,"$1,762.50",$151.00,data/pdfs/pages-3-4/2018/April+2018+Omnibus+Invoice+.pdf
Drake,31.4,6.7,24.7,"$1,574.50",$0.00,data/pdfs/pages-3-4/2018/April+2018+Omnibus+Invoice+.pdf
Mears,18.4,18.4,0,"$4,324.00",$0.00,data/pdfs/pages-3-4/2018/April+2018+Omnibus+Invoice+.pdf
Ramsey,49.9,28,21.9,"$6,580.00",$393.36,data/pdfs/pages-3-4/2018/April+2018+Omnibus+Invoice+.pdf
April,Total Hours,Billed Hours,"ProBono
Hours","Total
Services
Billed","Total
Expenses
Billed",data/pdfs/pages-3-4/2018/April+2018+Omnibus+Invoice+.pdf
Smoot,31.2,16.7,14.5,"$3,924.50",$805.23,data/pdfs/pages-3-4/2018/April+2018+Omnibus+Invoice+.pdf
Villasenor,73.2,37,36.2,"$8,695.00","$2,493.79",data/pdfs/pages-3-4/2018/April+2018+Omnibus+Invoice+.pdf
Bowman,146.9,59.4,87.5,"$13,959.00","$1,562.40",data/pdfs/pages-3-4/2018/April+2018+Omnibus+Invoice+.pdf
Dupont,26.2,20.8,5.4,"$4,888.00",$971.20,data/pdfs/pages-3-4/2018/April+2018+Omnibus+Invoice+.pdf
Parker,49.8,39.8,10,"$9,950.00",$881.33,data/pdfs/pages-3-4/2018/April+2018+Omnibus+Invoice+.pdf
BCMC (Guy),53.2,32.8,20.4,"$7,708.00",$0.00,data/pdfs/pages-3-4/2018/April+2018+Omnibus+Invoice+.pdf
"BCMC
(Wharton)",73.8,46.6,27.2,"$3,495.00",$0.00,data/pdfs/pages-3-4/2018/April+2018+Omnibus+Invoice+.pdf
TOTAL,858.7,548.6,310.1,"$161,326.00","$7,822.73",data/pdfs/pages-3-4/2018/April+2018+Omnibus+Invoice+.pdf
,"PreviouslyBilled
(FY2018)",July2018Billed,"Fiscal YTD
2019Billed",,,data/pdfs/pages-3-4/2018/BPD+Monitor_+July+2018+Omnibus+Invoice(Part1).pdf
Services,"$1,069,053.00","$147,479.50","$147,479.50",,,data/pdfs/pages-3-4/2018/BPD+Monitor_+July+2018+Omnibus+Invoice(Part1).pdf
Expenses,"$50,773.53","$9,359.83","$9,359.83",,,data/pdfs/pages-3-4/2018/BPD+Monitor_+July+2018+Omnibus+Invoice(Part1).pdf
"TOTAL Services and
Expenses","$1,119,826.53","$156,839.33","$156,839.33",,,data/pdfs/pages-3-4/2018/BPD+Monitor_+July+2018+Omnibus+Invoice(Part1).pdf
July,"Total
Hours","Billed
Hours","ProBono
Hours","Total Services
Billed","Total
Expenses
Billed",data/pdfs/pages-3-4/2018/BPD+Monitor_+July+2018+Omnibus+Invoice(Part1).pdf
Thompson,90.9,74.7,16.2,"$35,482.50",$0.00,data/pdfs/pages-3-4/2018/BPD+Monitor_+July+2018+Omnibus+Invoice(Part1).pdf
Rosenthal,139,92.6,46.4,"$43,985.00",$0.00,data/pdfs/pages-3-4/2018/BPD+Monitor_+July+2018+Omnibus+Invoice(Part1).pdf
Aden,31.7,26.7,5,"$6,724.50",$0.00,data/pdfs/pages-3-4/2018/BPD+Monitor_+July+2018+Omnibus+Invoice(Part1).pdf
Barge,52,39.5,12.5,"$9,282.50","$1,012.11",data/pdfs/pages-3-4/2018/BPD+Monitor_+July+2018+Omnibus+Invoice(Part1).pdf
Drake,46.5,5.7,40.8,"$1,339.50",$0.00,data/pdfs/pages-3-4/2018/BPD+Monitor_+July+2018+Omnibus+Invoice(Part1).pdf
Joyce(+June),16.8,15.3,1.5,"$3,595.50",$0.00,data/pdfs/pages-3-4/2018/BPD+Monitor_+July+2018+Omnibus+Invoice(Part1).pdf
Meares,20,14,6,"$3,290.00",$709.62,data/pdfs/pages-3-4/2018/BPD+Monitor_+July+2018+Omnibus+Invoice(Part1).pdf
Ramsey,73,30,43,"$7,050.00",$378.90,data/pdfs/pages-3-4/2018/BPD+Monitor_+July+2018+Omnibus+Invoice(Part1).pdf
Smoot,39.1,20.9,18.2,"$4,911.50",$810.62,data/pdfs/pages-3-4/2018/BPD+Monitor_+July+2018+Omnibus+Invoice(Part1).pdf
Taylor(+June),2.1,2.1,0,$493.50,$0.00,data/pdfs/pages-3-4/2018/BPD+Monitor_+July+2018+Omnibus+Invoice(Part1).pdf
Villasenor,68.1,36.1,32,"$8,483.50","$2,669.22",data/pdfs/pages-3-4/2018/BPD+Monitor_+July+2018+Omnibus+Invoice(Part1).pdf
Bowman,126.8,71.3,55.5,"$16,755.50",$851.01,data/pdfs/pages-3-4/2018/BPD+Monitor_+July+2018+Omnibus+Invoice(Part1).pdf
Dupont,38.9,19.6,19.3,"$4,606.00",$919.75,data/pdfs/pages-3-4/2018/BPD+Monitor_+July+2018+Omnibus+Invoice(Part1).pdf
"6BCMC
NeighborhoodLiaisons
(June)",74,74,0,"$1,480.00",$150.00,data/pdfs/pages-3-4/2018/BPD+Monitor_+July+2018+Omnibus+Invoice(Part1).pdf
TOTAL,818.9,522.5,296.4,"$147,479.50",$9359.83,data/pdfs/pages-3-4/2018/BPD+Monitor_+July+2018+Omnibus+Invoice(Part1).pdf
February,"Total
Hours",Billed Hours,"Pro Bono
Hours","Total
Services
Billed","Total
Expenses
Billed",data/pdfs/pages-3-4/2018/20110105-v1-February+Omnibus+Invoice+2018.pdf
Thompson,81.1,50.4,30.7,"$23,940.00",$0.00,data/pdfs/pages-3-4/2018/20110105-v1-February+Omnibus+Invoice+2018.pdf
Rosenthal,75.8,43.5,32.3,"$20,662.50",$0.00,data/pdfs/pages-3-4/2018/20110105-v1-February+Omnibus+Invoice+2018.pdf
Aden,83.9,59.9,24,"$14,076.50",$308.91,data/pdfs/pages-3-4/2018/20110105-v1-February+Omnibus+Invoice+2018.pdf
Barge,39,29,10,"$6,815.00",$631.77,data/pdfs/pages-3-4/2018/20110105-v1-February+Omnibus+Invoice+2018.pdf
Drake,23.8,6.3,17.5,"$1,480.50",$0.00,data/pdfs/pages-3-4/2018/20110105-v1-February+Omnibus+Invoice+2018.pdf
Joyce,3.3,2.8,0.5,$658.00,$0.00,data/pdfs/pages-3-4/2018/20110105-v1-February+Omnibus+Invoice+2018.pdf
Ramsey,39.1,21.8,17.3,"$5,123.00",$446.29,data/pdfs/pages-3-4/2018/20110105-v1-February+Omnibus+Invoice+2018.pdf
February,"Total
Hours",Billed Hours,"Pro Bono
Hours","Total
Services
Billed","Total
Expenses
Billed",data/pdfs/pages-3-4/2018/20110105-v1-February+Omnibus+Invoice+2018.pdf
Smoot,40.6,22.1,18.5,"$5,193.50",$823.38,data/pdfs/pages-3-4/2018/20110105-v1-February+Omnibus+Invoice+2018.pdf
Villasenor,42.7,26.2,16.5,"$6,157.00",$697.98,data/pdfs/pages-3-4/2018/20110105-v1-February+Omnibus+Invoice+2018.pdf
Bowman,43.1,30.1,13,"$7,073.50",$0.00,data/pdfs/pages-3-4/2018/20110105-v1-February+Omnibus+Invoice+2018.pdf
Dupont,4.6,3,1.6,$705.00,$0.00,data/pdfs/pages-3-4/2018/20110105-v1-February+Omnibus+Invoice+2018.pdf
Parker,21.6,21.6,0,"$5,400.00",$0.00,data/pdfs/pages-3-4/2018/20110105-v1-February+Omnibus+Invoice+2018.pdf
BCMC (Guy),16.2,16.2,0,"$3,807.00",$0.00,data/pdfs/pages-3-4/2018/20110105-v1-February+Omnibus+Invoice+2018.pdf
"BCMC
(Wharton)",60.2,60.2,0,"$4,515.00",$0.00,data/pdfs/pages-3-4/2018/20110105-v1-February+Omnibus+Invoice+2018.pdf
TOTAL,575,393.1,181.9,"$105,606.50","$2,908.33",data/pdfs/pages-3-4/2018/20110105-v1-February+Omnibus+Invoice+2018.pdf
,"PreviouslyBilled
(FY2019)","December2018
Billed","Fiscal YTD
2019Billed",,,data/pdfs/pages-3-4/2018/December+2018+Invoice-compressed.pdf
Services,"$746,888.75","$104,120.25","$851,009.00",,,data/pdfs/pages-3-4/2018/December+2018+Invoice-compressed.pdf
Expenses,"$30,218.63","$4,204.29","$34,422.92",,,data/pdfs/pages-3-4/2018/December+2018+Invoice-compressed.pdf
"TOTAL Services and
Expenses","$777,107.38","$108,324.54","$885,431.92",,,data/pdfs/pages-3-4/2018/December+2018+Invoice-compressed.pdf
December,"Total
Hours","Billed
Hours","ProBono
Hours","Total Services
Billed","Total Expenses
Billed",data/pdfs/pages-3-4/2018/December+2018+Invoice-compressed.pdf
Thompson,69.6,40.8,28.8,"$19,380.00",$0.00,data/pdfs/pages-3-4/2018/December+2018+Invoice-compressed.pdf
Rosenthal,116.5,49.8,66.7,"$23,655.00",$0.00,data/pdfs/pages-3-4/2018/December+2018+Invoice-compressed.pdf
Aden,50.5,34,16.5,"$7,990.00",$0.00,data/pdfs/pages-3-4/2018/December+2018+Invoice-compressed.pdf
Barge,36.8,34.8,2,"$8,178.00",$180.88,data/pdfs/pages-3-4/2018/December+2018+Invoice-compressed.pdf
Drake,16.6,6.1,10.5,"$1,433.50",$0.00,data/pdfs/pages-3-4/2018/December+2018+Invoice-compressed.pdf
Drake (Exec.Ass’t),40.5,40.5,0,"$1,518.75",$0.00,data/pdfs/pages-3-4/2018/December+2018+Invoice-compressed.pdf
Joyce,2.5,2.5,0,$587.50,$0.00,data/pdfs/pages-3-4/2018/December+2018+Invoice-compressed.pdf
Meares,4.9,4.9,0,"$1,151.50",$0.00,data/pdfs/pages-3-4/2018/December+2018+Invoice-compressed.pdf
O’Toole,10,8.8,1.2,"$2,068.00",$0.00,data/pdfs/pages-3-4/2018/December+2018+Invoice-compressed.pdf
Ramsey,34,30,4,"$7,050.00",$195.24,data/pdfs/pages-3-4/2018/December+2018+Invoice-compressed.pdf
Smoot,77.5,46.5,31,"$10,927.50","$2,454.57",data/pdfs/pages-3-4/2018/December+2018+Invoice-compressed.pdf
Villasenor,8.9,8.9,0,"$2,091.50",$0.00,data/pdfs/pages-3-4/2018/December+2018+Invoice-compressed.pdf
DarnyleWharton,73.4,73.4,0,"$5,505.00",$0.00,data/pdfs/pages-3-4/2018/December+2018+Invoice-compressed.pdf
6Neighborhood Liaisons,65.95,65.95,0,"$1,319.00",$150.00,data/pdfs/pages-3-4/2018/December+2018+Invoice-compressed.pdf
Dupont,47.7,24,23.7,"$5,640.00","$1,223.60",data/pdfs/pages-3-4/2018/December+2018+Invoice-compressed.pdf
Bowman,31.6,10,21.6,"$2,350.00",$0.00,data/pdfs/pages-3-4/2018/December+2018+Invoice-compressed.pdf
Parker,21.1,13.1,8,"$3,275.00",$0.00,data/pdfs/pages-3-4/2018/December+2018+Invoice-compressed.pdf
TOTAL,708.05,494.05,214,"$104,120.25","$4,204.29",data/pdfs/pages-3-4/2018/December+2018+Invoice-compressed.pdf
,"Previously
Billed","June2018
Billed","Fiscal YTD
Billed",,,data/pdfs/pages-3-4/2018/20975759-v1-June+2018+Omnibus+Invoice+Package.pdf
Services,"$929,321.50","$139,731.50","$1,069,053.00",,,data/pdfs/pages-3-4/2018/20975759-v1-June+2018+Omnibus+Invoice+Package.pdf
Expenses,"$45,207.15","$5,566.38","$50,773.53",,,data/pdfs/pages-3-4/2018/20975759-v1-June+2018+Omnibus+Invoice+Package.pdf
"TOTAL
Services
and
Expenses","$974,528.65","$145,297.88","$1,119,826.53",,,data/pdfs/pages-3-4/2018/20975759-v1-June+2018+Omnibus+Invoice+Package.pdf
June,"Total
Hours","Billed
Hours","ProBono
Hours","Total Services
Billed","Total
Expenses
Billed",data/pdfs/pages-3-4/2018/20975759-v1-June+2018+Omnibus+Invoice+Package.pdf
Thompson,69.3,55.3,14,"$26,267.50",$0.00,data/pdfs/pages-3-4/2018/20975759-v1-June+2018+Omnibus+Invoice+Package.pdf
Rosenthal,116.8,78.2,38.6,"$37,145.00",$0.00,data/pdfs/pages-3-4/2018/20975759-v1-June+2018+Omnibus+Invoice+Package.pdf
Aden,60.5,46.6,13.9,"$10,951.00",$258.60,data/pdfs/pages-3-4/2018/20975759-v1-June+2018+Omnibus+Invoice+Package.pdf
"VenableSummer
Associate-Anderson",19.4,0,19.4,$0.00,$0.00,data/pdfs/pages-3-4/2018/20975759-v1-June+2018+Omnibus+Invoice+Package.pdf
Barge,23.1,18.6,4.5,"$4,371.00",$178.43,data/pdfs/pages-3-4/2018/20975759-v1-June+2018+Omnibus+Invoice+Package.pdf
Drake,18.5,6.7,11.8,"$1,574.50",$0.00,data/pdfs/pages-3-4/2018/20975759-v1-June+2018+Omnibus+Invoice+Package.pdf
Goodrich,4,4,0,$940.00,$0.00,data/pdfs/pages-3-4/2018/20975759-v1-June+2018+Omnibus+Invoice+Package.pdf
Meares,17.1,11.1,6,"$2,608.50",$966.95,data/pdfs/pages-3-4/2018/20975759-v1-June+2018+Omnibus+Invoice+Package.pdf
Ramsey,41,25,16,"$5,875.00",$0.00,data/pdfs/pages-3-4/2018/20975759-v1-June+2018+Omnibus+Invoice+Package.pdf
Smoot,57.1,36.9,20.2,"$8,671.50","$1,200.61",data/pdfs/pages-3-4/2018/20975759-v1-June+2018+Omnibus+Invoice+Package.pdf
Villasenor,30.5,30.5,0,"$7,167.50",$0.00,data/pdfs/pages-3-4/2018/20975759-v1-June+2018+Omnibus+Invoice+Package.pdf
Bowman,115.7,65.3,50.4,"$15,345.50","$1,397.59",data/pdfs/pages-3-4/2018/20975759-v1-June+2018+Omnibus+Invoice+Package.pdf
Dupont,49.8,16.8,33,"$3,948.00","$1,339.20",data/pdfs/pages-3-4/2018/20975759-v1-June+2018+Omnibus+Invoice+Package.pdf
Parker,16.9,16.9,0,"$4,225.00",$0.00,data/pdfs/pages-3-4/2018/20975759-v1-June+2018+Omnibus+Invoice+Package.pdf
BCMC (Guy),40.7,22.4,18.3,"$5,264.00",$0.00,data/pdfs/pages-3-4/2018/20975759-v1-June+2018+Omnibus+Invoice+Package.pdf
BCMC (Wharton),74.6,37.3,37.3,"$2,797.50",$0.00,data/pdfs/pages-3-4/2018/20975759-v1-June+2018+Omnibus+Invoice+Package.pdf
"10BCMC
NeighborhoodLiasons
(May)",129,129,0.5,"$2,580.00",$225.00,data/pdfs/pages-3-4/2018/20975759-v1-June+2018+Omnibus+Invoice+Package.pdf
TOTAL,884.5,600.6,283.9,"$139,731.50","$5,566.38",data/pdfs/pages-3-4/2018/20975759-v1-June+2018+Omnibus+Invoice+Package.pdf
March,"Total
Hours",Billed Hours,"Pro Bono
Hours","Total
Services
Billed","Total
Expenses
Billed",data/pdfs/pages-3-4/2018/March+2018+Omnibus+Invoice.pdf
Thompson,75.6,55.6,20,"$26,410.00",$0.00,data/pdfs/pages-3-4/2018/March+2018+Omnibus+Invoice.pdf
Rosenthal,99.7,72.2,27.5,"$34,295.00",$0.00,data/pdfs/pages-3-4/2018/March+2018+Omnibus+Invoice.pdf
Aden,70.5,42.8,27.7,"$10,058.00",$173.96,data/pdfs/pages-3-4/2018/March+2018+Omnibus+Invoice.pdf
Barge,24.1,16.5,7.6,"$3,877.50",$498.58,data/pdfs/pages-3-4/2018/March+2018+Omnibus+Invoice.pdf
Bethel,13,9,4,"$2,115.00",$168.00,data/pdfs/pages-3-4/2018/March+2018+Omnibus+Invoice.pdf
Drake,19.5,6.7,12.8,"$1,574.50",$67.05,data/pdfs/pages-3-4/2018/March+2018+Omnibus+Invoice.pdf
Gainer (+Jan.),23.5,16.5,7,"$3,877.50",$573.50,data/pdfs/pages-3-4/2018/March+2018+Omnibus+Invoice.pdf
March,"Total
Hours",Billed Hours,"Pro Bono
Hours","Total
Services
Billed","Total
Expenses
Billed",data/pdfs/pages-3-4/2018/March+2018+Omnibus+Invoice.pdf
Goodrich (+Feb.),14,12,2,"$2,820.00",$0.00,data/pdfs/pages-3-4/2018/March+2018+Omnibus+Invoice.pdf
Joyce,2.4,2.4,0,$564.00,$0.00,data/pdfs/pages-3-4/2018/March+2018+Omnibus+Invoice.pdf
Meares,8.7,8.7,0,"$2,044.50",$0.00,data/pdfs/pages-3-4/2018/March+2018+Omnibus+Invoice.pdf
Ramsey,42.1,18.3,23.8,"$4,300.50",$245.00,data/pdfs/pages-3-4/2018/March+2018+Omnibus+Invoice.pdf
Smoot,36.4,18.4,18,"$4,324.00",$876.31,data/pdfs/pages-3-4/2018/March+2018+Omnibus+Invoice.pdf
Villasenor,56.4,36.4,20,"$8,554.00",$754.01,data/pdfs/pages-3-4/2018/March+2018+Omnibus+Invoice.pdf
Bowman,69.4,29.8,39.6,"$7,003.00",$576.29,data/pdfs/pages-3-4/2018/March+2018+Omnibus+Invoice.pdf
Dupont,26.75,16.5,10.25,"$3,877.50","$1,266.74",data/pdfs/pages-3-4/2018/March+2018+Omnibus+Invoice.pdf
Parker,24.10,24.10,0,"$6,025.00",$0.00,data/pdfs/pages-3-4/2018/March+2018+Omnibus+Invoice.pdf
BCMC (Guy),40.3,22.8,17.5,"$5,358.00",$0.00,data/pdfs/pages-3-4/2018/March+2018+Omnibus+Invoice.pdf
BCMC (Wharton),56.6,56.6,0,"$4,245.00",$0.00,data/pdfs/pages-3-4/2018/March+2018+Omnibus+Invoice.pdf
TOTAL,703.05,465.3,237.75,"$131,323.00","$5,199.44",data/pdfs/pages-3-4/2018/March+2018+Omnibus+Invoice.pdf
January,"Total
Hours",Billed Hours,"Pro Bono
Hours","Total
Services
Billed","Total
Expenses
Billed",data/pdfs/pages-3-4/2018/January+2018+Omnibus+Invoice.pdf
Thompson,61.5,51.1,10.4,"$24,272.50",$0.00,data/pdfs/pages-3-4/2018/January+2018+Omnibus+Invoice.pdf
Rosenthal,92.2,58.5,33.7,"$27,787.50",$0.00,data/pdfs/pages-3-4/2018/January+2018+Omnibus+Invoice.pdf
Aden,61.6,44.9,16.7,"$10,551.50",$145.39,data/pdfs/pages-3-4/2018/January+2018+Omnibus+Invoice.pdf
Barge,33.8,27,6.8,"$6,345.00",$586.19,data/pdfs/pages-3-4/2018/January+2018+Omnibus+Invoice.pdf
Bethel,13,9,4,"$2,115.00",$134.00,data/pdfs/pages-3-4/2018/January+2018+Omnibus+Invoice.pdf
Drake,33,7.5,25.5,"$1,762.50",$0.00,data/pdfs/pages-3-4/2018/January+2018+Omnibus+Invoice.pdf
Harmon,19.3,9.5,9.8,"$2,232.50",$426.67,data/pdfs/pages-3-4/2018/January+2018+Omnibus+Invoice.pdf
Joyce,2.5,2,0.5,$470.00,$0.00,data/pdfs/pages-3-4/2018/January+2018+Omnibus+Invoice.pdf
Ramsey,48.7,24.7,24,"$5,804.50",$480.89,data/pdfs/pages-3-4/2018/January+2018+Omnibus+Invoice.pdf
Smoot,16.1,8.1,8,"$1,903.50",$0.00,data/pdfs/pages-3-4/2018/January+2018+Omnibus+Invoice.pdf
January,"Total
Hours",Billed Hours,"Pro Bono
Hours","Total
Services
Billed","Total
Expenses
Billed",data/pdfs/pages-3-4/2018/January+2018+Omnibus+Invoice.pdf
Turner,2,2,0,$470.00,$0.00,data/pdfs/pages-3-4/2018/January+2018+Omnibus+Invoice.pdf
Villasenor,38.6,31.6,7,"$7,426.00","$1,019.24",data/pdfs/pages-3-4/2018/January+2018+Omnibus+Invoice.pdf
Bowman,60.7,36.1,24.60,"$8,483.50","$1,063.78",data/pdfs/pages-3-4/2018/January+2018+Omnibus+Invoice.pdf
Dupont,11.9,9.9,2,"$2,326.50",$0.00,data/pdfs/pages-3-4/2018/January+2018+Omnibus+Invoice.pdf
BCMC (Guy),31.3,30.2,1.1,"$7,097.00",$0.00,data/pdfs/pages-3-4/2018/January+2018+Omnibus+Invoice.pdf
"BCMC
(Wharton)",29.6,29.6,0,"$2,220.00",$0.00,data/pdfs/pages-3-4/2018/January+2018+Omnibus+Invoice.pdf
TOTAL,555.8,381.7,174.1,"$111,267.50","$3,856.16",data/pdfs/pages-3-4/2018/January+2018+Omnibus+Invoice.pdf
